HGNC	entrez_id
A4GALT	53947
AAAS	8086
AAGAB	79719
AARS2	57505
AASS	10157
ABAT	18
ABCA1	19
ABCA12	26154
ABCA13	154664
ABCA2	20
ABCA3	21
ABCA4	24
ABCA7	10347
ABCB11	8647
ABCB4	5244
ABCB7	22
ABCC2	1244
ABCC6	368
ABCC8	6833
ABCC9	10060
ABCD1	215
ABCD3	5825
ABCD4	5826
ABCE1	6059
ABCG2	9429
ABCG5	64240
ABCG8	64241
ABHD12	26090
ABHD14A-ACY1	100526760
ABHD16A	7920
ABHD5	51099
ABL1	25
ACACA	31
ACAD8	27034
ACAD9	28976
ACADM	34
ACADS	35
ACADSB	36
ACADVL	37
ACAN	176
ACAT1	38
ACBD5	91452
ACBD6	84320
ACD	65057
ACE	1636
ACER3	55331
ACIN1	22985
ACO2	50
ACOX1	51
ACP5	54
ACSF3	197322
ACSL4	2182
ACTA1	58
ACTA2	59
ACTC1	70
ACTG2	72
ACTL6A	86
ACTL6B	51412
ACTN2	88
ACTR2	10097
ACVR1B	91
ACVR2A	92
ACVRL1	94
ACY1	95
ADA	100
ADA2	51816
ADAM10	102
ADAM17	6868
ADAM22	53616
ADAM9	8754
ADAMTS10	81794
ADAMTS13	11093
ADAMTS17	170691
ADAMTS18	170692
ADAMTS2	9509
ADAMTS6	11174
ADAMTSL2	9719
ADAMTSL4	54507
ADAR	103
ADCY10	55811
ADCY2	108
ADCY3	109
ADCY5	111
ADGRG1	9289
ADGRG2	10149
ADGRG6	57211
ADGRV1	84059
ADH5	128
ADIPOQ	9370
ADK	132
ADNP	23394
ADPRS	54936
ADRBK1	156
ADSL	158
ADSS1	122622
AEBP1	165
AFF2	2334
AFG3L2	10939
AFP	174
AGA	175
AGBL5	60509
AGK	55750
AGL	178
AGO1	26523
AGO2	27161
AGPAT2	10555
AGPS	8540
AGRN	375790
AGT	183
AGTPBP1	23287
AGTR1	185
AGXT	189
AHCYL1	10768
AHDC1	27245
AHI1	54806
AHR	196
AICDA	57379
AIFM1	9131
AIMP1	9255
AIMP2	7965
AIP	9049
AIPL1	23746
AIRE	326
AK1	203
AK2	204
AKAP6	9472
AKAP9	10142
AKR1D1	6718
AKT3	10000
ALAD	210
ALAS2	212
ALB	213
ALDH18A1	5832
ALDH1A3	220
ALDH3A2	224
ALDH4A1	8659
ALDH5A1	7915
ALDH6A1	4329
ALDH7A1	501
ALDOB	229
ALG1	56052
ALG11	440138
ALG12	79087
ALG2	85365
ALG3	10195
ALG6	29929
ALG8	79053
ALG9	79796
ALKBH8	91801
ALMS1	7840
ALOX12B	242
ALOXE3	59344
ALPK3	57538
ALPL	249
ALS2	57679
ALX1	8092
ALX3	257
ALX4	60529
AMBN	258
AMBRA1	55626
AMD1	262
AMELX	265
AMER1	139285
AMH	268
AMHR2	269
AMMECR1	9949
AMN	81693
AMPD1	270
AMPD2	271
AMT	275
ANAPC1	64682
ANG	283
ANGPT1	284
ANGPTL3	27329
ANGPTL4	51129
ANK1	286
ANK2	287
ANK3	288
ANKHD1-EIF4EBP3	404734
ANKLE2	23141
ANKRD1	27063
ANKRD11	29123
ANKRD17	26057
ANKS1B	56899
ANKS6	203286
ANO10	55129
ANO5	203859
ANO6	196527
ANOS1	3730
ANTXR1	84168
ANTXR2	118429
AP1B1	162
AP1G1	164
AP1S1	1174
AP1S2	8905
AP2B1	163
AP2M1	1173
AP3B1	8546
AP3B2	8120
AP4B1	10717
AP4E1	23431
AP4M1	9179
AP4S1	11154
AP5Z1	9907
APBB1	322
APC	324
APC2	10297
API5	8539
APOA1	335
APOA5	116519
APOB	338
APOC2	344
APOC3	345
APOE	348
APOL1	8542
APPBP2	10513
APRT	353
APTX	54840
AQP2	359
AR	367
ARCN1	372
ARF4	378
ARFGEF1	10565
ARFGEF2	10564
ARG1	383
ARHGAP26	23092
ARHGAP29	9411
ARHGAP5	394
ARHGEF1	9138
ARHGEF10	9639
ARHGEF18	23370
ARHGEF9	23229
ARID1A	8289
ARID1B	57492
ARID2	196528
ARID5B	84159
ARL13B	200894
ARL2BP	23568
ARL6	84100
ARL6IP1	23204
ARMC2	84071
ARMC5	79798
ARMC9	80210
ARNT	405
ARNT2	9915
ARPC1B	10095
ARPC2	10109
ARSA	410
ARSB	411
ARSG	22901
ARSL	415
ARV1	64801
ARX	170302
ASAH1	427
ASCC1	51008
ASH1L	55870
ASIC2	40
ASL	435
ASMT	438
ASNS	440
ASPA	443
ASPH	444
ASPM	259266
ASS1	445
ASTN1	460
ASTN2	23245
ASXL1	171023
ASXL3	80816
ATAD1	84896
ATAD3A	55210
ATF2	1386
ATF6	22926
ATG5	9474
ATG7	10533
ATG9A	79065
ATIC	471
ATL1	51062
ATM	472
ATN1	1822
ATOH7	220202
ATP13A2	23400
ATP13A3	79572
ATP1A2	477
ATP1A3	478
ATP2A1	487
ATP2A2	488
ATP2B1	490
ATP2B2	491
ATP2C1	27032
ATP5F1A	498
ATP5F1B	506
ATP6V0A2	23545
ATP6V0A4	50617
ATP6V1B1	525
ATP6V1B2	526
ATP7A	538
ATP7B	540
ATP8A2	51761
ATP8B1	5205
ATP9A	10079
ATR	545
ATRIP	84126
ATRNL1	26033
ATRX	546
ATXN1	6310
AUH	549
AURKC	6795
AUTS2	26053
AVP	551
AVPR2	554
AXIN2	8313
AZIN1	51582
B2M	567
B3GALNT1	8706
B3GALNT2	148789
B3GALT6	126792
B3GAT3	26229
B3GLCT	145173
B4GALNT1	2583
B4GALT1	2683
B4GALT7	11285
B4GAT1	11041
B9D1	27077
B9D2	80776
BAAT	570
BACH2	60468
BAG3	9531
BAI3	577
BAP1	8314
BARD1	580
BAX	581
BAZ2B	29994
BBIP1	92482
BBS1	582
BBS10	79738
BBS12	166379
BBS2	583
BBS4	585
BBS5	129880
BBS7	55212
BBS9	27241
BCAP31	10134
BCAS3	54828
BCHE	590
BCKDHA	593
BCKDHB	594
BCKDK	10295
BCL10	8915
BCL11A	53335
BCL11B	64919
BCL2L1	598
BCL6	604
BCOR	54880
BCR	613
BCS1L	617
BECN1	8678
BEST1	7439
BFSP1	631
BFSP2	8419
BGN	633
BICC1	80114
BICRA	29998
BIN1	274
BIVM-ERCC5	100533467
BLM	641
BLNK	29760
BLOC1S3	388552
BLOC1S6	26258
BLVRA	644
BMP1	649
BMP15	9210
BMP2	650
BMP4	652
BMP7	655
BMPER	168667
BMPR1A	657
BMPR1B	658
BMPR2	659
BNC2	54796
BOD1	91272
BOLA3	388962
BPNT2	54928
BPTF	2186
BRAT1	221927
BRCA1	672
BRCA2	675
BRD2	6046
BRD4	23476
BRF1	2972
BRIP1	83990
BRPF1	7862
BRSK2	9024
BRWD3	254065
BSCL2	26580
BSND	7809
BTAF1	9044
BTD	686
BTG4	54766
BTK	695
BUB1	699
BUB1B	701
BVES	11149
BZW1	9689
C11orf30	56946
C12orf4	57102
C12orf57	113246
C14orf39	317761
C19orf12	83636
C1GALT1C1	29071
C1QA	712
C1QB	713
C1QC	714
C1QTNF5	114902
C1R	715
C1S	716
C1orf192	257177
C2	717
C2CD3	26005
C2orf65	130951
C2orf69	205327
C3	718
C3AR1	719
C4A	720
C4B	721
C5	727
C6	729
C6orf62	81688
C7	730
C8A	731
C8B	732
C9	735
CA12	771
CA2	760
CA5A	763
CA8	767
CABP2	51475
CABP4	57010
CACNA1A	773
CACNA1B	774
CACNA1C	775
CACNA1D	776
CACNA1F	778
CACNA1H	8912
CACNA2D1	781
CACNA2D2	9254
CACNA2D4	93589
CACNB4	785
CAD	790
CALR	811
CAMK2A	815
CAMK2B	816
CAMK2G	818
CAMTA1	23261
CANT1	124583
CAPN1	823
CAPN10	11132
CAPN3	825
CAPZA2	830
CARD11	84433
CARD9	64170
CARMIL2	146206
CARS1	833
CARS2	79587
CASK	8573
CASP10	843
CASP2	835
CASP8	841
CASQ2	845
CAST	831
CASZ1	54897
CAT	847
CATSPER1	117144
CAV1	857
CAV3	859
CAVIN1	284119
CBFB	865
CBLIF	2694
CBS	875
CBX1	10951
CBY1	25776
CC2D1A	54862
CC2D2A	57545
CCBE1	147372
CCDC103	388389
CCDC32	90416
CCDC39	339829
CCDC40	55036
CCDC47	57003
CCDC50	152137
CCDC65	85478
CCDC78	124093
CCDC8	83987
CCDC82	79780
CCDC88A	55704
CCDC88C	440193
CCM2	83605
CCN6	8838
CCNA2	890
CCNC	892
CCND2	894
CCND3	896
CCNO	10309
CCNQ	92002
CCNT2	905
CCT2	10576
CCT3	7203
CCT4	10575
CCT6A	908
CD151	977
CD19	930
CD247	919
CD27	939
CD2AP	23607
CD36	948
CD3D	915
CD3E	916
CD3G	917
CD4	920
CD40	958
CD40LG	959
CD46	4179
CD55	1604
CD59	966
CD70	970
CD79A	973
CD79B	974
CDAN1	146059
CDC14A	8556
CDC23	8697
CDC27	996
CDC40	51362
CDC42BPB	9578
CDC45	8318
CDC5L	988
CDC73	79577
CDH1	999
CDH11	1009
CDH2	1000
CDH23	64072
CDH3	1001
CDH6	1004
CDH8	1006
CDHR1	92211
CDK1	983
CDK10	8558
CDK13	8621
CDK16	5127
CDK5RAP2	55755
CDK6	1021
CDKL5	6792
CDKN1B	1027
CDKN1C	1028
CDKN2A	1029
CDON	50937
CDSN	1041
CDT1	81620
CEACAM16	388551
CEBPE	1053
CEL	1056
CELF1	10658
CELF2	10659
CELF4	56853
CELSR1	9620
CENPF	1063
CENPJ	55835
CEP104	9731
CEP112	201134
CEP120	153241
CEP135	9662
CEP152	22995
CEP164	22897
CEP19	84984
CEP250	11190
CEP290	80184
CEP41	95681
CEP55	55165
CEP57	9702
CEP63	80254
CEP78	84131
CEP83	51134
CEP85L	387119
CEPT1	10390
CERKL	375298
CERS3	204219
CETP	1071
CFAP251	144406
CFAP298	56683
CFAP300	85016
CFAP410	755
CFAP418	157657
CFAP43	80217
CFAP44	55779
CFAP53	220136
CFAP58	159686
CFAP65	255101
CFAP69	79846
CFB	629
CFD	1675
CFH	3075
CFHR5	81494
CFI	3426
CFL2	1073
CFP	5199
CFTR	1080
CHAMP1	283489
CHAT	1103
CHCHD10	400916
CHD2	1106
CHD3	1107
CHD4	1108
CHD5	26038
CHD7	55636
CHD8	57680
CHEK2	11200
CHKB	1120
CHKB-CPT1B	386593
CHM	1121
CHMP2B	25978
CHRDL1	91851
CHRNA1	1134
CHRNA2	1135
CHRNA3	1136
CHRNB1	1140
CHRND	1144
CHRNE	1145
CHRNG	1146
CHST14	113189
CHST3	9469
CHST6	4166
CHSY1	22856
CHUK	1147
CIB1	10519
CIB2	10518
CIC	23152
CIITA	4261
CILK1	22858
CISD2	493856
CIT	11113
CKAP2L	150468
CKAP5	9793
CLCN1	1180
CLCN2	1181
CLCN4	1183
CLCN5	1184
CLCN7	1186
CLCNKB	1188
CLDN1	9076
CLDN14	23562
CLDN16	10686
CLDN19	149461
CLIC5	53405
CLIP1	6249
CLMP	79827
CLN3	1201
CLN5	1203
CLN6	54982
CLN8	2055
CLOCK	9575
CLPB	81570
CLPP	8192
CLPX	10845
CLRN1	7401
CLTC	1213
CNGA1	1259
CNGA2	1260
CNGA3	1261
CNGB1	1258
CNGB3	54714
CNKSR2	22866
CNNM2	54805
CNNM4	26504
CNOT1	23019
CNOT2	4848
CNOT4	4850
CNOT6L	246175
CNPY3	10695
CNTN1	1272
CNTN2	6900
CNTNAP1	8506
CNTNAP2	26047
CNTRL	11064
COA7	65260
COA8	84334
COASY	80347
COCH	1690
COG1	9382
COG2	22796
COG4	25839
COG5	10466
COG6	57511
COG7	91949
COG8	84342
COL10A1	1300
COL11A1	1301
COL11A2	1302
COL12A1	1303
COL13A1	1305
COL17A1	1308
COL18A1	80781
COL1A1	1277
COL1A2	1278
COL27A1	85301
COL2A1	1280
COL3A1	1281
COL4A1	1282
COL4A2	1284
COL4A3	1285
COL4A4	1286
COL4A5	1287
COL5A1	1289
COL5A2	1290
COL6A1	1291
COL6A2	1292
COL6A3	1293
COL7A1	1294
COL9A3	1299
COLEC10	10584
COLEC11	78989
COLQ	8292
COMP	1311
COPB1	1315
COPS2	9318
COPS3	8533
COPS4	51138
COPS5	10987
COQ2	27235
COQ4	51117
COQ6	51004
COQ8A	56997
COQ8B	79934
COQ9	57017
CORO1A	11151
COX10	1352
COX15	1355
COX7B	1349
CP	1356
CPA1	1357
CPAMD8	27151
CPB1	1360
CPE	1363
CPEB1	64506
CPLANE1	65250
CPLX1	10815
CPN1	1369
CPOX	1371
CPS1	1373
CPSF1	29894
CPSF6	11052
CPT1A	1374
CPT1C	126129
CPT2	1376
CR2	1380
CRADD	8738
CRB1	23418
CRB2	286204
CRBN	51185
CREB1	1385
CREB3L1	90993
CREB3L3	84699
CREBBP	1387
CRELD1	78987
CRIPT	9419
CRK	1398
CRLF1	9244
CRPPA	729920
CRTAP	10491
CRX	1406
CRYAA	1409
CRYAB	1410
CRYBB1	1414
CRYGD	1421
CS	1431
CSDE1	7812
CSE1L	1434
CSF1R	1436
CSF2RA	1438
CSF2RB	1439
CSF3R	1441
CSNK1A1	1452
CSNK1G1	53944
CSNK2A1	1457
CSNK2A2	1459
CSNK2B	1460
CSPP1	79848
CSRP3	8048
CSTA	1475
CSTB	1476
CSTF3	1479
CTC1	80169
CTCF	10664
CTDSPL2	51496
CTH	1491
CTLA4	1493
CTNNA1	1495
CTNNA2	1496
CTNNB1	1499
CTNND1	1500
CTNND2	1501
CTNS	1497
CTPS1	1503
CTR9	9646
CTRC	11330
CTSA	5476
CTSC	1075
CTSD	1509
CTSF	8722
CTSK	1513
CTU2	348180
CUBN	8029
CUL1	8454
CUL2	8453
CUL3	8452
CUL4B	8450
CUL5	8065
CUL7	9820
CUX1	1523
CWC27	10283
CWF19L1	55280
CXCR2	3579
CXCR4	7852
CYB5A	1528
CYB5R3	1727
CYBA	1535
CYBB	1536
CYLD	1540
CYP11A1	1583
CYP11B1	1584
CYP11B2	1585
CYP17A1	1586
CYP19A1	1588
CYP1B1	1545
CYP21A2	1589
CYP24A1	1591
CYP26C1	340665
CYP27A1	1593
CYP27B1	1594
CYP2R1	120227
CYP2U1	113612
CYP4F22	126410
CYP4V2	285440
CYP7A1	1581
CYP7B1	9420
D2HGDH	728294
DAB1	1600
DACH1	1602
DACT1	51339
DAG1	1605
DARS2	55157
DAXX	1616
DBC1	1620
DBH	1621
DBT	1629
DCAF17	80067
DCC	1630
DCDC2	51473
DCHS1	8642
DCLK1	9201
DCLRE1C	64421
DCN	1634
DCPS	28960
DCT	1638
DCUN1D1	54165
DCUN1D5	84259
DCX	1641
DCXR	51181
DDB1	1642
DDB2	1643
DDC	1644
DDHD1	80821
DDHD2	23259
DDR2	4921
DDX1	1653
DDX11	1663
DDX3X	1654
DDX41	51428
DDX46	9879
DDX5	1655
DDX6	1656
DEAF1	10522
DEGS1	8560
DENND1A	57706
DENND5A	23258
DEPDC5	9681
DES	1674
DGAT1	8694
DGCR8	54487
DGKE	8526
DGUOK	1716
DHCR24	1718
DHCR7	1717
DHDDS	79947
DHH	50846
DHODH	1723
DHPS	1725
DHTKD1	55526
DHX15	1665
DIAPH1	1729
DIAPH2	1730
DICER1	23405
DIS3L2	129563
DKC1	1736
DLAT	1737
DLD	1738
DLG1	1739
DLG3	1741
DLG4	1742
DLGAP1	9229
DLL1	28514
DLL3	10683
DLL4	54567
DLX1	1745
DLX3	1747
DMD	1756
DMP1	1758
DMTF1	9988
DNA2	1763
DNAAF1	123872
DNAAF11	23639
DNAAF2	55172
DNAAF3	352909
DNAAF4	161582
DNAAF5	54919
DNAAF6	139212
DNAH1	25981
DNAH10	196385
DNAH11	8701
DNAH17	8632
DNAH5	1767
DNAH8	1769
DNAH9	1770
DNAI1	27019
DNAI2	64446
DNAJB11	51726
DNAJB2	3300
DNAJC12	56521
DNAJC19	131118
DNAJC2	27000
DNAJC21	134218
DNAJC3	5611
DNAJC6	9829
DNAL1	83544
DNASE1L3	1776
DNM1L	10059
DNM2	1785
DNMBP	23268
DNMT1	1786
DNMT3A	1788
DNMT3B	1789
DOCK2	1794
DOCK3	1795
DOCK6	57572
DOCK7	85440
DOCK8	81704
DOK7	285489
DOLK	22845
DONSON	29980
DPAGT1	1798
DPF2	5977
DPH1	1801
DPM1	8813
DPM2	8818
DPM3	54344
DPP10	57628
DPY19L2	283417
DPYD	1806
DPYS	1807
DRAM2	128338
DRC1	92749
DRP2	1821
DSC2	1824
DSC3	1825
DSCAM	1826
DSE	29940
DSG1	1828
DSG2	1829
DSG4	147409
DSP	1832
DST	667
DSTYK	25778
DTNBP1	84062
DUOX2	50506
DUOXA2	405753
DUSP6	1848
DVL1	1855
DVL3	1857
DYM	54808
DYNC1I2	1781
DYNC2H1	79659
DYNC2I1	55112
DYNC2I2	89891
DYNC2LI1	51626
DYNLT2B	255758
DYRK1A	1859
DYSF	8291
DZIP1L	199221
E2F3	1871
EARS2	124454
EBF1	1879
EBF2	64641
EBF3	253738
EBP	10682
ECEL1	9427
ECHS1	1892
ECM1	1893
EDA	1896
EDAR	10913
EDARADD	128178
EDEM3	80267
EDN3	1908
EDNRA	1909
EDNRB	1910
EEA1	8411
EED	8726
EEF1D	1936
EFEMP1	2202
EFEMP2	30008
EFHA1	221154
EFHC1	114327
EFNA5	1946
EFNB1	1947
EFNB2	1948
EFTUD2	9343
EGLN1	54583
EGR3	1960
EHMT1	79813
EIF2AK3	9451
EIF2AK4	440275
EIF2B1	1967
EIF2B2	8892
EIF2B3	8891
EIF2B4	8890
EIF2B5	8893
EIF2C3	192669
EIF2S1	1965
EIF2S2	8894
EIF4G1	1981
EIF4G2	1982
EIF5	1983
EIF5A	1984
ELAC2	60528
ELANE	1991
ELAVL1	1994
ELAVL2	1993
ELF3	1999
ELMO2	63916
ELN	2006
ELOVL4	6785
ELOVL5	60481
ELOVL6	79071
ELP1	8518
ELP2	55250
EMC1	23065
EMD	2010
EML1	2009
EMX2	2018
ENAM	10117
ENG	2022
ENO3	2027
ENPP1	5167
ENTPD1	953
EOGT	285203
EP300	2033
EPB41	2035
EPB42	2038
EPC2	26122
EPCAM	4072
EPG5	57724
EPHA2	1969
EPHA4	2043
EPHA7	2045
EPHB1	2047
EPHB2	2048
EPHB4	2050
EPHX1	2052
EPM2A	7957
EPO	2056
EPOR	2057
EPRS1	2058
EPS8	2059
EPS8L2	64787
ERBB2	2064
ERBB3	2065
ERBB4	2066
ERC2	26059
ERCC1	2067
ERCC2	2068
ERCC3	2071
ERCC4	2072
ERCC5	2073
ERCC6	2074
ERCC6L2	375748
ERCC8	1161
ERF	2077
ERG	2078
ERI1	90459
ERLIN2	11160
ERP44	23071
ESCO2	157570
ESPN	83715
ESR1	2099
ESRRB	2103
ETF1	2107
ETFA	2108
ETFB	2109
ETFDH	2110
ETHE1	23474
ETV1	2115
ETV5	2119
ETV6	2120
EVC	2121
EVC2	132884
EWSR1	2130
EXO1	9156
EXOC3L2	90332
EXOC5	10640
EXOC6B	23233
EXOSC3	51010
EXPH5	23086
EXT1	2131
EXT2	2132
EYA1	2138
EYA4	2070
EYS	346007
EZH2	2146
F10	2159
F11	2160
F12	2161
F13A1	2162
F13B	2165
F2	2147
F5	2153
F7	2155
F8	2157
F9	2158
FA2H	79152
FAF1	11124
FAH	2184
FAM149B1	317662
FAM161A	84140
FAM175B	23172
FAM177A1	283635
FAM20A	54757
FAM20B	9917
FAM20C	56975
FAM49B	51571
FAM83H	286077
FAN1	22909
FANCA	2175
FANCB	2187
FANCC	2176
FANCD2	2177
FANCE	2178
FANCF	2188
FANCG	2189
FANCI	55215
FANCL	55120
FANCM	57697
FAR1	84188
FARS2	10667
FARSB	10056
FAS	355
FASLG	356
FASTKD2	22868
FAT1	2195
FAT4	79633
FBLN5	10516
FBN1	2200
FBP1	2203
FBXL17	64839
FBXL20	84961
FBXL3	26224
FBXL4	26235
FBXO11	80204
FBXO7	25793
FBXW7	55294
FCHO1	23149
FDPS	2224
FDX2	112812
FDXR	2232
FECH	2235
FERMT1	55612
FERMT3	83706
FEZF2	55079
FGA	2243
FGB	2244
FGD1	2245
FGD4	121512
FGF10	2255
FGF14	2259
FGF16	8823
FGF17	8822
FGF20	26281
FGF23	8074
FGF3	2248
FGF5	2250
FGF8	2253
FGF9	2254
FGFR1	2260
FGFR2	2263
FGG	2266
FH	2271
FHL1	2273
FIG4	9896
FIGLA	344018
FIGN	55137
FITM2	128486
FKBP10	60681
FKBP14	55033
FKRP	79147
FKTN	2218
FLAD1	80308
FLCN	201163
FLG	2312
FLG2	388698
FLI1	2313
FLNA	2316
FLNC	2318
FLT1	2321
FLT4	2324
FLVCR1	28982
FLVCR2	55640
FMN2	56776
FMO3	2328
FMR1	2332
FN1	2335
FNDC3A	22862
FOLR1	2348
FOXC1	2296
FOXC2	2303
FOXF1	2294
FOXG1	2290
FOXJ1	2302
FOXJ3	22887
FOXL2	668
FOXN1	8456
FOXO1	2308
FOXO3	2309
FOXP1	27086
FOXP2	93986
FOXP3	50943
FOXRED1	55572
FRAS1	80144
FREM2	341640
FRMD5	84978
FRMD7	90167
FRMPD4	9758
FRRS1L	23732
FRS2	10818
FSHB	2488
FSHR	2492
FSIP2	401024
FST	10468
FTCD	10841
FTSJ1	24140
FUBP1	8880
FUCA1	2517
FURIN	5045
FUS	2521
FUT1	2523
FUT2	2524
FUT8	2530
FXN	2395
FXR1	8087
FYB1	2533
FYCO1	79443
FYN	2534
FZD2	2535
FZD3	7976
FZD4	8322
FZD6	8323
G3BP2	9908
G6PC1	2538
G6PC3	92579
G6PD	2539
GAA	2548
GABRA1	2554
GABRB3	2562
GABRG2	2566
GAD1	2571
GALC	2581
GALE	2582
GALK1	2584
GALM	130589
GALNS	2588
GALNT12	79695
GALNT13	114805
GALNT2	2590
GALNT3	2591
GALNTL5	168391
GALT	2592
GAMT	2593
GAN	8139
GANAB	23193
GARS1	2617
GAS8	2622
GATA2	2624
GATA3	2625
GATA4	2626
GATA6	2627
GATAD2B	57459
GATM	2628
GBA2	57704
GBE1	2632
GCDH	2639
GCGR	2642
GCH1	2643
GCK	2645
GCKR	2646
GCM2	9247
GCNA	93953
GCNT2	2651
GCSH	2653
GDAP1	54332
GDAP2	54834
GDF1	2657
GDF5	8200
GDF9	2661
GDI1	2664
GEMIN5	25929
GFER	2671
GFI1B	8328
GFM1	85476
GFM2	84340
GFPT1	2673
GGCX	2677
GH1	2688
GHR	2690
GHRHR	2692
GIPC3	126326
GJA3	2700
GJA5	2702
GJA8	2703
GJB1	2705
GJB2	2706
GJB3	2707
GJC2	57165
GK	2710
GLA	2717
GLB1	2720
GLDC	2731
GLDN	342035
GLE1	2733
GLI1	2735
GLI2	2736
GLI3	2737
GLIS3	169792
GLMN	11146
GLRA1	2741
GLRB	2743
GLS	2744
GLUL	2752
GLYCTK	132158
GM2A	2760
GMDS	2762
GMNN	51053
GMPPA	29926
GMPPB	29925
GMPS	8833
GNAL	2774
GNAO1	2775
GNAQ	2776
GNAS	2778
GNAT1	2779
GNAT2	2780
GNB1	2782
GNB2L1	10399
GNB3	2784
GNB5	10681
GNE	10020
GNPAT	8443
GNPTAB	79158
GNPTG	84572
GNRH1	2796
GNRHR	2798
GNS	2799
GOLGA2	2801
GORAB	92344
GOSR2	9570
GP1BA	2811
GP1BB	2812
GP6	51206
GP9	2815
GPAA1	8733
GPC3	2719
GPC4	2239
GPC6	10082
GPD1	2819
GPHN	10243
GPI	2821
GPIHBP1	338328
GPNMB	10457
GPR143	4935
GPR179	440435
GPSM2	29899
GPT2	84706
GPX4	2879
GRB10	2887
GREB1L	80000
GRHL2	79977
GRHL3	57822
GRHPR	9380
GRIA1	2890
GRIA2	2891
GRIA3	2892
GRID2	2895
GRIK2	2898
GRIN1	2902
GRIN2A	2903
GRIN2B	2904
GRIP1	23426
GRK1	6011
GRM1	2911
GRM6	2916
GRM7	2917
GRN	2896
GRXCR1	389207
GSC	145258
GSDME	1687
GSK3B	2932
GSN	2934
GSS	2937
GTF2H1	2965
GTF2H5	404672
GTPBP2	54676
GTPBP3	84705
GUCY1A1	2982
GUCY2D	3000
GUSB	2990
GYG1	2992
GYPC	2995
GYS1	2997
GYS2	2998
GZF1	64412
H6PD	9563
HAAO	23498
HACE1	57531
HADH	3033
HADHA	3030
HADHB	3032
HAL	3034
HAMP	57817
HAND1	9421
HARS2	23438
HAS2	3037
HAX1	10456
HBA1	3039
HBA2	3040
HBB	3043
HBD	3045
HBS1L	10767
HCCS	3052
HCN4	10021
HDAC2	3066
HDAC4	9759
HDAC5	10014
HDAC8	55869
HDAC9	9734
HECTD1	25831
HELLS	3070
HEPACAM	220296
HERC1	8925
HERC2	8924
HESX1	8820
HEXA	3073
HEXB	3074
HFE	3077
HFM1	164045
HGD	3081
HGF	3082
HGSNAT	138050
HHAT	55733
HHIP	64399
HIBCH	26275
HID1	283987
HIF1A	3091
HINT1	3094
HIVEP2	3097
HJV	148738
HK1	3098
HLCS	3141
HMBOX1	79618
HMBS	3145
HMGA2	8091
HMGCL	3155
HMGCR	3156
HMGCS2	3158
HMOX1	3162
HNF1A	6927
HNF1B	6928
HNF4A	3172
HNRNPA1	3178
HNRNPA2B1	3181
HNRNPC	3183
HNRNPD	3184
HNRNPH1	3187
HNRNPH3	3189
HNRNPK	3190
HNRNPR	10236
HNRNPU	3192
HNRNPUL2-BSCL2	100534595
HOGA1	112817
HOMER1	9456
HOMER2	9455
HOXA1	3198
HOXA11	3207
HOXA13	3209
HOXA2	3199
HOXB1	3211
HOXC13	3229
HOXD13	3239
HPCA	3208
HPD	3242
HPDL	84842
HPGD	3248
HPRT1	3251
HPS1	3257
HPS3	84343
HPS4	89781
HPS5	11234
HPS6	79803
HPSE2	60495
HR	55806
HS2ST1	9653
HS6ST3	266722
HSD11B2	3291
HSD17B3	3293
HSD17B4	3295
HSD3B2	3284
HSD3B7	80270
HSF4	3299
HSPA4	3308
HSPA8	3312
HSPA9	3313
HSPB1	3315
HSPB8	26353
HSPD1	3329
HSPG2	3339
HTRA1	5654
HTRA2	27429
HTT	3064
HYAL1	3373
HYAL2	8692
HYDIN	54768
IARS1	3376
IARS2	55699
IBA57	200205
ICOS	29851
IDH3A	3419
IDH3B	3420
IDS	3423
IDUA	3425
IFIH1	64135
IFNAR2	3455
IFNGR1	3459
IFNGR2	3460
IFT122	55764
IFT140	9742
IFT172	26160
IFT27	11020
IFT43	112752
IFT52	51098
IFT74	80173
IFT80	57560
IFT81	28981
IFT88	8100
IGF1	3479
IGF1R	3480
IGF2BP1	10642
IGF2BP3	10643
IGFALS	3483
IGFBP7	3490
IGHMBP2	3508
IGLL1	3543
IGSF1	3547
IGSF3	3321
IHH	3549
IKBKB	3551
IKBKG	8517
IKZF1	10320
IKZF2	22807
IL10RA	3587
IL10RB	3588
IL11RA	3590
IL12B	3593
IL12RB1	3594
IL17RA	23765
IL17RC	84818
IL1RAPL1	11141
IL1RAPL2	26280
IL1RN	3557
IL21R	50615
IL2RA	3559
IL2RB	3560
IL2RG	3561
IL36RN	26525
IL6ST	3572
IL7R	3575
ILDR1	286676
ILF2	3608
IMPG1	3617
IMPG2	50939
INF2	64423
INHBA	3624
INPP4A	3631
INPP5E	56623
INPPL1	3636
INS-IGF2	723961
INSL3	3640
INSR	3643
INTS1	26173
INTU	27152
INVS	27130
IPO7	10527
IPO8	10526
IQCB1	9657
IQCE	23288
IQGAP1	8826
IQSEC2	23096
IRAK3	11213
IRAK4	51135
IREB2	3658
IRF1	3659
IRF2BPL	64207
IRF6	3664
IRS4	8471
ISCA1	81689
ISCA2	122961
ISG15	9636
ISL1	3670
ITCH	83737
ITGA2B	3674
ITGA3	3675
ITGA6	3655
ITGA7	3679
ITGA8	8516
ITGB1	3688
ITGB2	3689
ITGB4	3691
ITK	3702
ITPA	3704
ITPR1	3708
IVD	3712
IVNS1ABP	10625
JAG1	182
JAGN1	84522
JAK3	3718
JAM2	58494
JAM3	83700
JARID2	3720
JMJD1C	221037
JPH2	57158
JPH3	57338
JUP	3728
KANSL1	284058
KARS1	3735
KAT2B	8850
KAT6A	7994
KAT6B	23522
KATNB1	10300
KATNIP	23247
KBTBD2	25948
KCNA2	3737
KCNA5	3741
KCNB1	3745
KCNC1	3746
KCNC3	3748
KCND3	3752
KCNE1	3753
KCNH2	3757
KCNJ1	3758
KCNJ10	3766
KCNJ11	3767
KCNJ13	3769
KCNJ2	3759
KCNJ3	3760
KCNMA1	3778
KCNN2	3781
KCNQ1	3784
KCNQ2	3785
KCNQ3	3786
KCNQ4	9132
KCNQ5	56479
KCNT2	343450
KCNV2	169522
KCTD16	57528
KCTD17	79734
KCTD3	51133
KCTD7	154881
KDELR2	11014
KDM1A	23028
KDM3A	55818
KDM3B	51780
KDM4B	23030
KDM5B	10765
KDM5C	8242
KDM6A	7403
KDM6B	23135
KDR	3791
KDSR	2531
KERA	11081
KHDC3L	154288
KIAA0586	9786
KIAA0753	9851
KIAA0825	285600
KIAA1549	57670
KIDINS220	57498
KIF11	3832
KIF12	113220
KIF14	9928
KIF1B	23095
KIF1C	10749
KIF2A	3796
KIF5A	3798
KIF7	374654
KIFBP	26128
KIRREL3	84623
KISS1R	84634
KIT	3815
KIZ	55857
KLF1	10661
KLF12	11278
KLF4	9314
KLF7	8609
KLHL24	54800
KLHL3	26249
KLHL40	131377
KLHL41	10324
KLHL7	55975
KLK4	9622
KLKB1	3818
KMT2A	4297
KMT2B	9757
KMT2C	58508
KMT2D	8085
KMT2E	55904
KMT5B	51111
KNG1	3827
KNL1	57082
KPNA3	3839
KPNB1	3837
KPTN	11133
KRIT1	889
KRT1	3848
KRT10	3858
KRT14	3861
KRT16	3868
KRT5	3852
KRT6A	3853
KRT9	3857
KSR2	283455
KY	339855
KYNU	8942
L1CAM	3897
L2HGDH	79944
LACC1	144811
LAMA1	284217
LAMA2	3908
LAMA3	3909
LAMA4	3910
LAMA5	3911
LAMB1	3912
LAMB2	3913
LAMB3	3914
LAMC2	3918
LAMC3	10319
LAMP2	3920
LARGE1	9215
LARP7	51574
LARS1	51520
LARS2	23395
LAT	27040
LATS1	9113
LBR	3930
LCA5	167691
LCAT	3931
LCK	3932
LCOR	84458
LCT	3938
LDB1	8861
LDB2	9079
LDHA	3939
LDHB	3945
LDLR	3949
LDLRAP1	26119
LEF1	51176
LEMD3	23592
LEP	3952
LEPR	3953
LFNG	3955
LGI1	9211
LGI4	163175
LHB	3972
LHCGR	3973
LHFPL5	222662
LHX2	9355
LHX3	8022
LHX4	89884
LHX6	26468
LHX9	56956
LIAS	11019
LIFR	3977
LIG4	3981
LINS1	55180
LIPA	3988
LIPE	3991
LIPG	9388
LIPH	200879
LIPT1	51601
LMAN1	3998
LMBRD1	55788
LMF1	64788
LMNA	4000
LMOD3	56203
LMX1A	4009
LMX1B	4010
LNPK	80856
LONP1	9361
LORICRIN	4014
LOX	4015
LOXHD1	125336
LPAR6	10161
LPHN2	23266
LPHN3	23284
LPIN1	23175
LPIN2	9663
LPL	4023
LRAT	9227
LRBA	987
LRIG2	9860
LRIT3	345193
LRMDA	83938
LRP2	4036
LRP4	4038
LRP5	4041
LRP6	4040
LRPAP1	4043
LRPPRC	10128
LRRC4C	57689
LRRC56	115399
LRRC7	57554
LRRK1	79705
LRRK2	120892
LRRTM3	347731
LRSAM1	90678
LRTOMT	220074
LSAMP	4045
LSM12	124801
LTBP1	4052
LTBP2	4053
LTBP3	4054
LTBP4	8425
LUC7L3	51747
LYRM7	90624
LYST	1130
LZTFL1	54585
LZTR1	8216
MAB21L1	4081
MAB21L2	10586
MACF1	23499
MADD	8567
MAF	4094
MAG	4099
MAGED2	10916
MAGEL2	54551
MAGI2	9863
MAGT1	84061
MAK	4117
MALT1	10892
MAMLD1	10046
MAN1B1	11253
MAN2B1	4125
MANBA	4126
MAOA	4128
MAP1B	4131
MAP2	4133
MAP2K4	6416
MAP3K20	51776
MAP3K3	4215
MAP3K6	9064
MAP3K7	6885
MAPK1	5594
MAPK8	5599
MAPK8IP3	23162
MAPKAP1	79109
MAPKBP1	23005
MAPRE2	10982
MARS1	4141
MARS2	92935
MARVELD2	153562
MASP1	5648
MAT1A	4143
MAT2A	4144
MATR3	9782
MAX	4149
MBD4	8930
MBD5	55777
MBOAT7	79143
MBTD1	54799
MBTPS1	8720
MC1R	4157
MC2R	4158
MC4R	4160
MCCC1	56922
MCCC2	64087
MCEE	84693
MCFD2	90411
MCIDAS	345643
MCM10	55388
MCM3AP	8888
MCM4	4173
MCM6	4175
MCM7	4176
MCM8	84515
MCM9	254394
MCOLN1	57192
MCPH1	79648
MDGA2	161357
MDH2	4191
MDM2	4193
MECOM	2122
MECP2	4204
MECR	51102
MED1	5469
MED12L	116931
MED13	9969
MED13L	23389
MED17	9440
MED23	9439
MED25	81857
MED27	9442
MEF2A	4205
MEF2C	4208
MEGF10	84466
MEGF8	1954
MEI1	150365
MEIS1	4211
MEIS2	4212
MEMO1	51072
MEN1	4221
MEOX1	4222
MEPE	56955
MERTK	10461
MESD	23184
MESP1	55897
MESP2	145873
MET	4233
METTL23	124512
METTL5	29081
MFAP5	8076
MFF	56947
MFRP	83552
MFSD8	256471
MGAT2	4247
MGAT5	4249
MGEA5	10724
MGME1	92667
MGMT	4255
MGP	4256
MIB1	57534
MICA	100507436
MICAL1	64780
MICOS13	125988
MICU1	10367
MID1	4281
MINPP1	9562
MIP	4284
MIPEP	4285
MITF	4286
MKKS	8195
MKLN1	4289
MKS1	54903
MLC1	23209
MLH1	4292
MLH3	27030
MLLT10	8028
MLLT3	4300
MLPH	79083
MLYCD	23417
MMAA	166785
MMAB	326625
MMACHC	25974
MMADHC	27249
MME	4311
MMP13	4322
MMP14	4323
MMP2	4313
MMP20	9313
MMP21	118856
MMP9	4318
MMUT	4594
MN1	4330
MNS1	55329
MNT	4335
MNX1	3110
MOCOS	55034
MOCS1	4337
MOCS2	4338
MOGS	7841
MORF4L1	10933
MPDU1	9526
MPDZ	8777
MPI	4351
MPIG6B	80739
MPL	4352
MPLKIP	136647
MPO	4353
MPPED2	744
MPV17	4358
MPZ	4359
MPZL2	10205
MRAP	56246
MRE11	4361
MRPL3	11222
MRPS16	51021
MRPS22	56945
MRPS34	65993
MS4A2	2206
MSH2	4436
MSH3	4437
MSH4	4438
MSH5	4439
MSH6	2956
MSI2	124540
MSL1	339287
MSL3	10943
MSN	4478
MSR1	4481
MSRB3	253827
MSTO1	55154
MSX1	4487
MSX2	4488
MT-ATP6	4508
MT-ATP8	4509
MT-CO1	4512
MT-CO2	4513
MT-CO3	4514
MT-CYTB	4519
MT-ND1	4535
MT-ND2	4536
MT-ND4	4538
MT-ND5	4540
MT-ND6	4541
MTF2	22823
MTFMT	123263
MTHFD1	4522
MTHFR	4524
MTM1	4534
MTMR2	8898
MTO1	25821
MTOR	2475
MTR	4548
MTRFR	91574
MTRR	4552
MTTP	4547
MTX2	10651
MUSK	4593
MUTYH	4595
MVD	4597
MVK	4598
MYBPC1	4604
MYBPC3	4607
MYC	4609
MYCBP2	23077
MYCN	4613
MYD88	4615
MYH10	4628
MYH14	79784
MYH2	4620
MYH3	4621
MYH6	4624
MYH7	4625
MYH7B	57644
MYH9	4627
MYL2	4633
MYLK	4638
MYLK3	91807
MYO15A	51168
MYO18B	84700
MYO1E	4643
MYO3A	53904
MYO5A	4644
MYO5B	4645
MYO6	4646
MYO7A	4647
MYOC	4653
MYOCD	93649
MYOD1	4654
MYOM1	8736
MYORG	57462
MYPN	84665
MYRF	745
MYSM1	114803
MYT1L	23040
NAA10	8260
NAA15	80155
NADK2	133686
NADSYN1	55191
NAF1	92345
NAGA	4668
NAGLU	4669
NAGS	162417
NALCN	259232
NAMPT	10135
NANS	54187
NAP1L1	4673
NARS1	4677
NARS2	79731
NAV2	89797
NAXD	55739
NAXE	128240
NBAS	51594
NBEA	26960
NBEAL2	23218
NBN	4683
NCAM1	4684
NCAPD2	9918
NCAPD3	23310
NCF1	653361
NCF2	4688
NCF4	4689
NCKAP1	10787
NCOA1	8648
NCOA2	10499
NCOA6	23054
NCOR1	9611
NCSTN	23385
NDE1	54820
NDNF	79625
NDP	4693
NDRG1	10397
NDUFA10	4705
NDUFA11	126328
NDUFA12	55967
NDUFA4	4697
NDUFA6	4700
NDUFAF1	51103
NDUFAF2	91942
NDUFAF3	25915
NDUFAF5	79133
NDUFAF6	137682
NDUFAF8	284184
NDUFB11	54539
NDUFB3	4709
NDUFS1	4719
NDUFS3	4722
NDUFS4	4724
NDUFS6	4726
NDUFV1	4723
NDUFV2	4729
NEB	4703
NECAP1	25977
NECTIN1	5818
NECTIN4	81607
NEDD4L	23327
NEFH	4744
NEGR1	257194
NEK1	4750
NEK8	284086
NEK9	91754
NEMF	9147
NEU1	4758
NEUROD1	4760
NEUROD2	4761
NEUROG3	50674
NEXMIF	340533
NEXN	91624
NF1	4763
NF2	4771
NFASC	23114
NFAT5	10725
NFATC3	4775
NFIA	4774
NFIB	4781
NFIX	4784
NFKB1	4790
NFKB2	4791
NFKBIA	4792
NFU1	27247
NGLY1	55768
NHEJ1	79840
NHLRC1	378884
NHS	4810
NID1	4811
NIN	51199
NIPAL4	348938
NIPBL	25836
NKTR	4820
NKX2-1	7080
NKX2-2	4821
NKX2-5	1482
NKX2-6	137814
NKX3-2	579
NKX6-2	84504
NLGN4X	57502
NLK	51701
NLRP12	91662
NLRP2	55655
NLRP5	126206
NLRP7	199713
NMNAT1	64802
NMT1	4836
NNT	23530
NOBOX	135935
NOD2	64127
NODAL	4838
NOG	9241
NONO	4841
NOTCH1	4851
NOTCH2	4853
NOTCH3	4854
NOVA1	4857
NOVA2	4858
NPAS3	64067
NPC1	4864
NPC2	10577
NPHP1	4867
NPHP3	27031
NPHP4	261734
NPHS1	4868
NPHS2	7827
NPM1	4869
NPR2	4882
NPR3	4883
NPRL2	10641
NPRL3	8131
NR0B1	190
NR0B2	8431
NR1H4	9971
NR2E1	7101
NR2E3	10002
NR2F1	7025
NR2F2	7026
NR3C1	2908
NR3C2	4306
NR4A2	4929
NR5A1	2516
NR6A1	2649
NRBP1	29959
NRF1	4899
NRG1	3084
NRL	4901
NRP1	8829
NRROS	375387
NRXN1	9378
NRXN3	9369
NSD1	64324
NSD2	7468
NSD3	54904
NSDHL	50814
NSMCE2	286053
NSRP1	84081
NSUN2	54888
NSUN3	63899
NT5C2	22978
NT5C3A	51251
NT5E	4907
NTHL1	4913
NTN1	9423
NTRK1	4914
NTRK2	4915
NTRK3	4916
NUBPL	80224
NUDT21	11051
NUFIP2	57532
NUP107	57122
NUP160	23279
NUP188	23511
NUP37	79023
NUP93	9688
NUS1	116150
NUTF2	10204
NXN	64359
NYNRIN	57523
NYX	60506
OAT	4942
OBSL1	23363
OCA2	4948
OCLN	100506658
OCRL	4952
ODAD1	93233
ODAD2	55130
ODAD3	115948
ODAD4	83538
ODAPH	152816
ODC1	4953
OFD1	8481
OGT	8473
OMG	4974
OPA1	4976
OPA3	80207
OPHN1	4983
OPLAH	26873
OPN1LW	5956
OPN1MW	2652
OPTN	10133
ORAI1	84876
ORC1	4998
ORC4	5000
ORC6	23594
OSBPL2	9885
OSGEP	55644
OSTM1	28962
OTC	5009
OTOA	146183
OTOF	9381
OTOG	340990
OTOGL	283310
OTUD6B	51633
OTULIN	90268
OTX2	5015
OXCT1	5019
OXR1	55074
P2RY12	64805
P3H1	64175
P3H2	55214
P4HA1	5033
P4HTM	54681
PA2G4	5036
PABPC1	26986
PADI3	51702
PADI6	353238
PAFAH1B1	5048
PAH	5053
PAK3	5063
PALB2	79728
PANK2	80025
PAPOLA	10914
PAPPA2	60676
PAPSS2	9060
PARD3	56288
PARK7	11315
PARN	5073
PARS2	25973
PATL2	197135
PAX1	5075
PAX2	5076
PAX3	5077
PAX4	5078
PAX5	5079
PAX6	5080
PAX7	5081
PAX8	7849
PAX9	5083
PBRM1	55193
PBX1	5087
PC	5091
PCARE	388939
PCBD1	5092
PCBP2	5094
PCCA	5095
PCCB	5096
PCDH12	51294
PCDH15	65217
PCDH19	57526
PCF11	51585
PCGF5	84333
PCK1	5105
PCK2	5106
PCLO	27445
PCNA	5111
PCNT	5116
PCSK1	5122
PCYT1A	5130
PDCD10	11235
PDE10A	10846
PDE11A	50940
PDE2A	5138
PDE4A	5141
PDE6A	5145
PDE6B	5158
PDE6C	5146
PDE6D	5147
PDE6G	5148
PDE8B	8622
PDGFB	5155
PDGFRA	5156
PDGFRB	5159
PDHA1	5160
PDHB	5162
PDHX	8050
PDLIM3	27295
PDP1	54704
PDS5A	23244
PDSS1	23590
PDSS2	57107
PDX1	3651
PDZD7	79955
PEPD	5184
PER3	8863
PERP	64065
PET100	100131801
PEX1	5189
PEX10	5192
PEX11B	8799
PEX12	5193
PEX13	5194
PEX14	5195
PEX16	9409
PEX19	5824
PEX2	5828
PEX26	55670
PEX3	8504
PEX5	5830
PEX6	5190
PEX7	5191
PFKM	5213
PGAM2	5224
PGAP1	80055
PGAP2	27315
PGAP3	93210
PGBD3	267004
PGK1	5230
PGM1	5236
PGM3	5238
PHEX	5251
PHF12	57649
PHF21A	51317
PHF6	84295
PHF8	23133
PHGDH	26227
PHIP	55023
PHKA1	5255
PHKA2	5256
PHKB	5257
PHKG2	5261
PHOX2A	401
PHOX2B	8929
PHYH	5264
PI4KA	5297
PIAS1	8554
PIAS2	9063
PIBF1	10464
PIEZO1	9780
PIEZO2	63895
PIGA	5277
PIGB	9488
PIGC	5279
PIGG	54872
PIGK	10026
PIGL	9487
PIGN	23556
PIGO	84720
PIGQ	9091
PIGS	94005
PIGT	51604
PIGV	55650
PIGW	284098
PIK3C2A	5286
PIK3CB	5291
PIK3CD	5293
PIK3R1	5295
PIKFYVE	200576
PINK1	65018
PIP5K1C	23396
PITPNA	5306
PITPNM3	83394
PITX1	5307
PITX2	5308
PJVK	494513
PKD1	5310
PKD1L1	168507
PKD2	5311
PKDCC	91461
PKHD1	5314
PKLR	5313
PKNOX2	63876
PKP1	5317
PKP2	5318
PLA2G4A	5321
PLA2G5	5322
PLA2G6	8398
PLA2G7	7941
PLAA	9373
PLAG1	5324
PLCB1	23236
PLCB4	5332
PLCD1	5333
PLCE1	51196
PLD1	5337
PLD3	23646
PLEC	5339
PLEKHG5	57449
PLEKHM1	9842
PLG	5340
PLIN1	5346
PLK1	5347
PLK4	10733
PLN	5350
PLOD1	5351
PLOD2	5352
PLOD3	8985
PLP1	5354
PLPBP	11212
PLRG1	5356
PLS3	5358
PLVAP	83483
PLXNA1	5361
PLXNA4	91584
PLXNC1	10154
PMFBP1	83449
PMM2	5373
PMP22	5376
PMS1	5378
PMS2	5395
PMVK	10654
PNISR	25957
PNKD	25953
PNKP	11284
PNLDC1	154197
PNP	4860
PNPLA1	285848
PNPLA2	57104
PNPLA6	10908
PNPLA8	50640
PNPO	55163
PNPT1	87178
POC1A	25886
POC1B	282809
PODXL	5420
POFUT1	23509
POGLUT1	56983
POGZ	23126
POLA1	5422
POLD1	5424
POLE	5426
POLG	5428
POLG2	11232
POLH	5429
POLR1A	25885
POLR1C	9533
POLR1D	51082
POLR2A	5430
POLR3A	11128
POLR3B	55703
POLR3GL	84265
POMC	5443
POMGNT1	55624
POMGNT2	84892
POMK	84197
POMP	51371
POMT1	10585
POMT2	29954
POP1	10940
POR	5447
PORCN	64840
POT1	25913
POU1F1	5449
POU2F1	5451
POU3F3	5455
POU3F4	5456
POU4F1	5457
POU4F3	5459
POU5F1	5460
PPARD	5467
PPARG	5468
PPARGC1A	10891
PPIB	5479
PPIG	9360
PPIL1	51645
PPM1A	5494
PPM1G	5496
PPOX	5498
PPP1CB	5500
PPP1CC	5501
PPP1R12A	4659
PPP1R13L	10848
PPP1R15B	84919
PPP1R21	129285
PPP2CA	5515
PPP2R2A	5520
PPP2R2B	5521
PPP2R5E	5529
PPP3CA	5530
PPP3CB	5532
PPT1	5538
PQBP1	10084
PRCD	768206
PRDM12	59335
PRDM16	63976
PRDM5	11107
PRDX1	5052
PREPL	9581
PRF1	5551
PRG4	10216
PRICKLE2	166336
PRKAR1A	5573
PRKCB	5579
PRKCD	5580
PRKCE	5581
PRKCG	5582
PRKCSH	5589
PRKG1	5592
PRKN	5071
PRKRA	8575
PRMT5	10419
PRMT7	54496
PRNP	5621
PROC	5624
PRODH2	58510
PROK2	60675
PROKR2	128674
PROM1	8842
PROP1	5626
PROS1	5627
PROX1	5629
PRPF19	27339
PRPF31	26121
PRPF39	55015
PRPF4	9128
PRPF4B	8899
PRPF6	24148
PRPF8	10594
PRPH2	5961
PRPS1	5631
PRR12	57479
PRRT2	112476
PRRX1	5396
PRSS12	8492
PRSS56	646960
PRUNE1	58497
PRX	57716
PSAP	5660
PSAT1	29968
PSEN1	5663
PSEN2	5664
PSENEN	55851
PSIP1	11168
PSMA2	5683
PSMA3	5684
PSMA5	5686
PSMA6	5687
PSMB3	5691
PSMB4	5692
PSMB8	5696
PSMC3	5702
PSMC3IP	29893
PSMC6	5706
PSMD1	5707
PSMD11	5717
PSMD12	5718
PSMD14	10213
PSMD2	5708
PSMD4	5710
PSMD6	9861
PSME3	10197
PSPH	5723
PTBP2	58155
PTCD3	55037
PTCH1	5727
PTCH2	8643
PTCHD1	139411
PTEN	5728
PTF1A	256297
PTGES3	10728
PTGIS	5740
PTGS2	5743
PTH	5741
PTH1R	5745
PTHLH	5744
PTPN11	5781
PTPN12	5782
PTPN23	25930
PTPRC	5788
PTPRD	5789
PTPRJ	5795
PTPRK	5796
PTPRM	5797
PTPRO	5800
PTPRQ	374462
PTPRT	11122
PTRH2	51651
PTS	5805
PUF60	22827
PUM1	9698
PUM2	23369
PURA	5813
PUS1	80324
PUS3	83480
PUS7	54517
PXDN	7837
PYCR1	5831
PYCR2	29920
PYGL	5836
PYGM	5837
PYROXD1	79912
QARS1	5859
QDPR	5860
QRICH1	54870
QRICH2	84074
RAB10	10890
RAB11A	8766
RAB14	51552
RAB18	22931
RAB23	51715
RAB27A	5873
RAB28	9364
RAB33B	83452
RAB39B	116442
RAB3GAP1	22930
RAB3GAP2	25782
RAB8A	4218
RAD21	5885
RAD50	10111
RAD51	5888
RAD51B	5890
RAD51C	5889
RAD51D	5892
RAD9B	144715
RAG1	5896
RAG2	5897
RAI1	10743
RALA	5898
RALGAPA1	253959
RAN	5901
RAPGEF4	11069
RAPSN	5913
RARA	5914
RARB	5915
RARS1	5917
RARS2	57038
RASA1	5921
RASGRP1	10125
RASGRP2	10235
RAX	30062
RAX2	84839
RB1	5925
RBBP4	5928
RBBP7	5931
RBBP8	5932
RBCK1	10616
RBFOX1	54715
RBFOX2	23543
RBFOX3	146713
RBL2	5934
RBM10	8241
RBM12	10137
RBM20	282996
RBM25	58517
RBM8A	9939
RBP3	5949
RBP4	5950
RBPJ	3516
RBPMS	11030
RBX1	9978
RCBTB1	55213
RD3	343035
RDH11	51109
RDH12	145226
RDH5	5959
RDX	5962
RECQL	5965
RECQL4	9401
REEP1	65055
REEP2	51308
REEP6	92840
REL	5966
RELA	5970
RELB	5971
RELT	84957
REN	5972
RERE	473
REST	5978
RET	5979
RETREG1	54463
REV3L	5980
RFT1	91869
RFWD3	55159
RFX3	5991
RFX5	5993
RFX6	222546
RFXANK	8625
RFXAP	5994
RGR	5995
RGS2	5997
RGS9	8787
RGS9BP	388531
RHAG	6005
RHEB	6009
RHO	6010
RIC8B	55188
RICTOR	253260
RIMS1	22999
RIMS2	9699
RIN2	54453
RIPK1	8737
RIPK4	54101
RIPPLY2	134701
RLBP1	6017
RMI1	80010
RMND1	55005
RNASEH1	246243
RNASEH2A	10535
RNASEH2B	79621
RNASEH2C	84153
RNASEL	6041
RNASET2	8635
RND3	390
RNF113A	7737
RNF168	165918
RNF207	388591
RNF216	54476
RNF220	55182
RNF38	152006
RNF43	54894
RNPC3	55599
ROBO2	6092
ROBO3	64221
ROBO4	54538
ROCK1	6093
ROGDI	79641
ROM1	6094
RORA	6095
RORB	6096
RORC	6097
RP1	6101
RP1L1	94137
RP2	6102
RPE65	6121
RPGR	6103
RPGRIP1	57096
RPGRIP1L	23322
RPIA	22934
RPL11	6135
RPL13	6137
RPL15	6138
RPL35A	6165
RPL5	6125
RPS10	6204
RPS10-NUDT3	100529239
RPS17	6218
RPS19	6223
RPS24	6229
RPS26	6231
RPS6	6194
RPS6KA3	6197
RPS6KB1	6198
RPS7	6201
RPSA	3921
RRAS2	22800
RRM1	6240
RRM2B	50484
RS1	6247
RSPH1	89765
RSPH3	83861
RSPH4A	345895
RSPH9	221421
RSPO1	284654
RSPO2	340419
RSPO4	343637
RSPRY1	89970
RSRC1	51319
RTEL1	51750
RTN1	6252
RTN2	6253
RTN4IP1	84816
RTTN	25914
RUNX1	861
RUNX1T1	862
RUNX2	860
RUSC2	9853
RUVBL1	8607
RUVBL2	10856
RXRA	6256
RXYLT1	10329
RYK	6259
SACS	26278
SAE1	10055
SAG	6295
SALL1	6299
SALL4	57167
SAMD4A	23034
SAMD9	54809
SAMHD1	25939
SAR1B	51128
SARDH	1757
SARS1	6301
SARS2	54938
SASS6	163786
SATB1	6304
SATB2	23314
SBDS	51119
SBF1	6305
SBF2	81846
SCAF4	57466
SCAPER	49855
SCARF2	91179
SCFD1	23256
SCN10A	6336
SCN1A	6323
SCN2A	6326
SCN3A	6328
SCN4A	6329
SCN5A	6331
SCN8A	6334
SCN9A	6335
SCNN1A	6337
SCNN1B	6338
SCNN1G	6340
SCO1	6341
SCO2	9997
SCP2	6342
SCUBE3	222663
SCYL1	57410
SCYL2	55681
SDCCAG8	10806
SDHA	6389
SDHAF1	644096
SDHAF2	54949
SDHB	6390
SDHC	6391
SDHD	6392
SDR9C7	121214
SEC23B	10483
SEC24D	9871
SEC31A	22872
SEC61B	10952
SEC63	11231
SECISBP2	79048
SELENBP1	8991
SELENON	57190
SEMA3A	10371
SEMA4A	64218
SEMA6A	57556
SEMA6B	10501
SEMA6D	80031
SEPSECS	51091
SERAC1	84947
SERPINA1	5265
SERPINA6	866
SERPINA7	6906
SERPINB6	5269
SERPINB7	8710
SERPINB8	5271
SERPINC1	462
SERPIND1	3053
SERPINE1	5054
SERPINF1	5176
SERPINF2	5345
SERPING1	710
SET	6418
SETBP1	26040
SETD1A	9739
SETD1B	23067
SETD2	29072
SETD5	55209
SETX	23064
SF3A3	10946
SF3B1	23451
SF3B3	23450
SF3B4	10262
SFRP1	6422
SFRP4	6424
SFTPB	6439
SFTPC	6440
SFXN4	119559
SGCA	6442
SGCB	6443
SGCD	6444
SGCE	8910
SGCG	6445
SGPL1	8879
SGSH	6448
SH2D1A	4068
SH3KBP1	30011
SH3PXD2B	285590
SH3TC2	79628
SHANK2	22941
SHANK3	85358
SHH	6469
SHOX	6473
SHPK	23729
SI	6476
SIGMAR1	10280
SIK1	150094
SIL1	64374
SIM1	6492
SIN3A	25942
SIX2	10736
SIX3	6496
SIX5	147912
SKP2	6502
SLC10A2	6555
SLC10A7	84068
SLC12A1	6557
SLC12A2	6558
SLC12A3	6559
SLC12A5	57468
SLC12A6	9990
SLC13A5	284111
SLC14A1	6563
SLC16A1	6566
SLC16A12	387700
SLC16A2	6567
SLC17A5	26503
SLC17A8	246213
SLC18A2	6571
SLC18A3	6572
SLC19A2	10560
SLC19A3	80704
SLC1A3	6507
SLC1A4	6509
SLC20A2	6575
SLC22A12	116085
SLC22A5	6584
SLC24A1	9187
SLC24A4	123041
SLC24A5	283652
SLC25A1	6576
SLC25A11	8402
SLC25A13	10165
SLC25A15	10166
SLC25A20	788
SLC25A22	79751
SLC25A38	54977
SLC25A4	291
SLC25A42	284439
SLC25A46	91137
SLC26A2	1836
SLC26A3	1811
SLC26A4	5172
SLC26A5	375611
SLC26A7	115111
SLC27A4	10999
SLC29A3	55315
SLC2A1	6513
SLC2A10	81031
SLC2A2	6514
SLC2A9	56606
SLC30A10	55532
SLC30A2	7780
SLC30A9	10463
SLC33A1	9197
SLC34A1	6569
SLC34A2	10568
SLC34A3	142680
SLC35A2	7355
SLC35A3	23443
SLC35C1	55343
SLC35D1	23169
SLC37A4	2542
SLC38A8	146167
SLC39A13	91252
SLC39A14	23516
SLC39A4	55630
SLC39A5	283375
SLC39A7	7922
SLC39A8	64116
SLC3A1	6519
SLC40A1	30061
SLC44A1	23446
SLC45A2	51151
SLC46A1	113235
SLC4A1	6521
SLC4A11	83959
SLC4A4	8671
SLC52A2	79581
SLC52A3	113278
SLC5A1	6523
SLC5A2	6524
SLC5A5	6528
SLC5A6	8884
SLC5A7	60482
SLC6A1	6529
SLC6A19	340024
SLC6A3	6531
SLC6A5	9152
SLC6A8	6535
SLC6A9	6536
SLC7A7	9056
SLC7A9	11136
SLC8A1	6546
SLC9A3	6550
SLC9A6	10479
SLCO1B1	10599
SLCO1B3	28234
SLCO2A1	6578
SLFN14	342618
SLIT2	9353
SLITRK6	84189
SLMAP	7871
SLURP1	57152
SLX4	84464
SMAD3	4088
SMAD4	4089
SMAD6	4091
SMAD9	4093
SMARCA4	6597
SMARCA5	8467
SMARCAL1	50485
SMARCB1	6598
SMARCC1	6599
SMARCC2	6601
SMARCD1	6602
SMARCE1	6605
SMC1A	8243
SMC2	10592
SMC3	9126
SMCHD1	23347
SMG1	23049
SMG6	23293
SMG8	55181
SMG9	56006
SMN1	6606
SMO	6608
SMOC1	64093
SMOC2	64094
SMPD1	6609
SMPD4	55627
SMPX	23676
SMS	6611
SNAP25	6616
SNAP29	9342
SND1	27044
SNRNP200	23020
SNRNP70	6625
SNW1	22938
SNX10	29887
SNX14	57231
SNX2	6643
SNX27	81609
SOBP	55084
SOCS1	8651
SOD1	6647
SOHLH1	402381
SON	6651
SORD	6652
SORL1	6653
SOS1	6654
SOST	50964
SOX10	6663
SOX11	6664
SOX17	64321
SOX18	54345
SOX2	6657
SOX5	6660
SOX6	55553
SOX9	6662
SP1	6667
SP110	3431
SP3	6670
SPAG1	6674
SPART	23111
SPAST	6683
SPATA7	55812
SPATC1L	84221
SPEF2	79925
SPEG	10290
SPEN	23013
SPG11	80208
SPG21	51324
SPG7	6687
SPI1	6688
SPIDR	23514
SPINK1	6690
SPINK5	11005
SPINT2	10653
SPOP	8405
SPPL2A	84888
SPR	6697
SPRED1	161742
SPRED2	200734
SPRTN	83932
SPRY2	10253
SPTA1	6708
SPTAN1	6709
SPTB	6710
SPTBN1	6711
SPTBN2	6712
SPTBN4	57731
SQSTM1	8878
SRC	6714
SRCAP	10847
SRD5A2	6716
SRD5A3	79644
SRF	6722
SRGAP2	23380
SRGAP3	9901
SRP54	6729
SRRM1	10250
SRRM2	23524
SRSF1	6426
SRSF3	6428
SRSF7	6432
SRY	6736
SSBP2	23635
SSR4	6748
SSRP1	6749
ST14	6768
ST3GAL3	6487
ST3GAL5	8869
ST7	7982
STAC3	246329
STAG1	10274
STAG2	10735
STAG3	10734
STAMBP	10617
STAR	6770
STAT1	6772
STAT2	6773
STAT3	6774
STAT5A	6776
STAT5B	6777
STAT6	6778
STIL	6491
STIM1	6786
STK11	6794
STK39	27347
STK4	6789
STMN2	11075
STRA6	64220
STRADA	92335
STRBP	55342
STRC	161497
STS	412
STUB1	10273
STX11	8676
STX1B	112755
STX3	6809
STXBP1	6812
STXBP2	6813
SUCLA2	8803
SUCLG1	8802
SUCO	51430
SUFU	51684
SUGCT	79783
SULT2B1	6820
SUMF1	285362
SUN5	140732
SUOX	6821
SUPT6H	6830
SURF1	6834
SUZ12	23512
SVBP	374969
SVIL	6840
SYCE1	93426
SYCP2	10388
SYN1	6853
SYNCRIP	10492
SYNE1	23345
SYNE2	23224
SYNE4	163183
SYNGAP1	8831
SYNJ1	8867
SYNM	23336
SYT2	127833
SZT2	23334
TAB2	23118
TAC3	6866
TACO1	51204
TACR3	6870
TACSTD2	4070
TAF5	6877
TAF6	6878
TAFAZZIN	6901
TALDO1	6888
TAMM41	132001
TANC2	26115
TANGO2	128989
TAOK1	57551
TAP1	6890
TAP2	6891
TAPBP	6892
TARS2	80222
TAT	6898
TBC1D20	128637
TBC1D23	55773
TBC1D24	57465
TBC1D2B	23102
TBC1D7	51256
TBCD	6904
TBCE	6905
TBCK	93627
TBK1	29110
TBL1X	6907
TBL1XR1	79718
TBR1	10716
TBX1	6899
TBX15	6913
TBX18	9096
TBX19	9095
TBX2	6909
TBX20	57057
TBX22	50945
TBX3	6926
TBX4	9496
TBX5	6910
TBX6	6911
TBXA2R	6915
TBXAS1	6916
TBXT	6862
TCAP	8557
TCERG1	10915
TCF12	6938
TCF20	6942
TCF3	6929
TCF4	6925
TCF7L2	6934
TCIRG1	10312
TCN1	6947
TCN2	6948
TCOF1	6949
TCP1	6950
TCTN1	79600
TCTN2	79867
TCTN3	26123
TDP1	55775
TDP2	51567
TDRD7	23424
TEAD1	7003
TECPR2	9895
TECRL	253017
TECTA	7007
TEK	7010
TELO2	9894
TENM1	10178
TENM2	57451
TENM3	55714
TENM4	26011
TERC	7012
TERT	7015
TET2	54790
TET3	200424
TEX11	56159
TEX14	56155
TEX15	56154
TF	7018
TFAP2A	7020
TFAP2B	7021
TFAP2D	83741
TFR2	7036
TG	7038
TGFB2	7042
TGFB3	7043
TGFBI	7045
TGFBR1	7046
TGFBR2	7048
TGIF1	7050
TGM1	7051
TGM5	9333
TGM6	343641
TH	7054
THAP1	55145
THBD	7056
THBS1	7057
THOC2	57187
THOC6	79228
THPO	7066
THRB	7068
THSD1	55901
TIAL1	7073
TIMM8A	1678
TINF2	26277
TJP1	7082
TJP2	9414
TK2	7084
TLE1	7088
TLE4	7091
TLE6	79816
TLK1	9874
TLK2	11011
TM9SF3	56889
TMC1	117531
TMC6	11322
TMC8	147138
TMCO1	54499
TMEM107	84314
TMEM126A	84233
TMEM126B	55863
TMEM127	55654
TMEM199	147007
TMEM216	51259
TMEM222	84065
TMEM231	79583
TMEM237	65062
TMEM260	54916
TMEM38B	55151
TMEM67	91147
TMEM70	54968
TMEM94	9772
TMIE	259236
TMLHE	55217
TMPRSS15	5651
TMPRSS3	64699
TMPRSS6	164656
TMTC3	160418
TMX2	51075
TNFAIP3	7128
TNFRSF11A	8792
TNFRSF11B	4982
TNFRSF13B	23495
TNFRSF1A	7132
TNFSF11	8600
TNIK	23043
TNNC1	7134
TNNI3	7137
TNNT1	7138
TNNT3	7140
TNPO3	23534
TNR	7143
TNRC6B	23112
TNXB	7148
TOB1	10140
TOE1	114034
TOGARAM1	23116
TOMM70A	9868
TONSL	4796
TOP1	7150
TOP2A	7153
TOP2B	7155
TOP3A	7156
TOPORS	10210
TOR1A	1861
TOR1AIP1	26092
TOX	9760
TOX3	27324
TP53	7157
TP63	8626
TPI1	7167
TPK1	27010
TPM2	7169
TPM3	7170
TPMT	7172
TPO	7173
TPP1	1200
TPP2	7174
TPRN	286262
TRA2B	6434
TRAF3IP1	26146
TRAK1	22906
TRAP1	10131
TRAPPC11	60684
TRAPPC12	51112
TRAPPC2	6399
TRAPPC6B	122553
TRAPPC9	83696
TRDN	10345
TREM2	54209
TREX1	11277
TRIM2	23321
TRIM28	10155
TRIM32	22954
TRIM37	4591
TRIM55	84675
TRIM63	84676
TRIM8	81603
TRIO	7204
TRIOBP	11078
TRIP11	9321
TRIP12	9320
TRIP13	9319
TRIP4	9325
TRIT1	54802
TRMT1	55621
TRMT10A	93587
TRMU	55687
TRNT1	51095
TRPC6	7225
TRPM1	4308
TRPM4	54795
TRPM6	140803
TRPS1	7227
TRPV3	162514
TRPV4	59341
TRPV6	55503
TSC1	7248
TSC2	7249
TSEN2	80746
TSEN54	283989
TSFM	10102
TSHB	7252
TSHR	7253
TSHZ1	10194
TSHZ2	128553
TSPAN12	23554
TSPAN7	7102
TSPEAR	54084
TSPYL1	7259
TTBK2	146057
TTC12	54970
TTC19	54902
TTC21A	199223
TTC21B	79809
TTC29	83894
TTC5	91875
TTC7A	57217
TTC8	123016
TTLL5	23093
TTN	7273
TTN-AS1	100506866
TTPA	7274
TUB	7275
TUBA3D	113457
TUBA4A	7277
TUBB1	81027
TUBB8	347688
TUBGCP4	27229
TUBGCP6	85378
TULP1	7287
TUSC3	7991
TWIST1	7291
TWIST2	117581
TWNK	56652
TXNDC15	79770
TXNL4A	10907
TXNRD2	10587
TYK2	7297
TYMP	1890
TYR	7299
TYROBP	7305
TYRP1	7306
U2SURP	23350
UBA2	10054
UBA5	79876
UBAP1	51271
UBE2A	7319
UBE2D2	7322
UBE2I	7329
UBE2K	3093
UBE2T	29089
UBE3A	7337
UBE3B	89910
UBR1	197131
UBR5	51366
UBR7	55148
UBTF	7343
UCHL1	7345
UGDH	7358
UGT1A1	54658
UGT1A10	54575
UGT1A3	54659
UGT1A4	54657
UGT1A5	54579
UGT1A6	54578
UGT1A7	54577
UGT1A8	54576
UGT1A9	54600
UMOD	7369
UMPS	7372
UNC119	9094
UNC13D	201294
UNC45A	55898
UNC5D	137970
UNC80	285175
UNG	7374
UPB1	51733
UPF3B	65109
UQCRB	7381
UQCRFS1	7386
UROC1	131669
UROD	7389
UROS	7390
USB1	79650
USH1C	10083
USH1G	124590
USH2A	7399
USP1	7398
USP14	9097
USP15	9958
USP18	11274
USP27X	389856
USP45	85015
USP53	54532
USP7	7874
USP9X	8239
UVSSA	57654
VAC14	55697
VAMP1	6843
VAMP2	6844
VARS1	7407
VARS2	57176
VCAN	1462
VCL	7414
VCP	7415
VDAC1	7416
VDR	7421
VEGFA	7422
VEGFC	7424
VEZF1	7716
VHL	7428
VIPAS39	63894
VLDLR	7436
VMP1	81671
VPS13A	23230
VPS13B	157680
VPS13C	54832
VPS13D	55187
VPS16	64601
VPS33B	26276
VPS41	27072
VPS53	55275
VPS54	51542
VRK1	7443
VSX2	338917
VWA1	64856
VWF	7450
WAC	51322
WAPAL	23063
WARS2	10352
WAS	7454
WASF1	8936
WASHC4	23325
WASHC5	9897
WBP11	51729
WDFY3	23001
WDPCP	51057
WDR11	55717
WDR19	57728
WDR26	80232
WDR35	57539
WDR4	10785
WDR45	11152
WDR45B	56270
WDR62	284403
WDR69	164781
WDR72	256764
WDR73	84942
WDR81	124997
WEE2	494551
WHRN	25861
WIPF1	7456
WNK1	65125
WNT1	7471
WNT10A	80326
WNT10B	7480
WNT3A	89780
WNT5A	7474
WNT7B	7477
WRAP53	55135
WRN	7486
WT1	7490
WTAP	9589
WWOX	51741
XDH	7498
XIAP	331
XIST	7503
XK	7504
XPA	7507
XPC	7508
XPNPEP3	63929
XPO1	7514
XPOT	11260
XRCC2	7516
XRCC4	7518
XYLT1	64131
XYLT2	64132
YAP1	10413
YARS2	51067
YBX1	4904
YIF1B	90522
YPEL2	388403
YTHDF2	51441
YTHDF3	253943
YWHAB	7529
YWHAE	7531
YWHAG	7532
YY1	7528
YY1AP1	55249
ZAP70	7535
ZBTB16	7704
ZBTB18	10472
ZBTB20	26137
ZBTB24	9841
ZC3H14	79882
ZC4H2	55906
ZDHHC17	23390
ZDHHC9	51114
ZEB1	6935
ZEB2	9839
ZFHX3	463
ZFHX4	79776
ZFP57	346171
ZFPM2	23414
ZFR	51663
ZFX	7543
ZFYVE26	23503
ZFYVE27	118813
ZIC2	7546
ZIC3	7547
ZMAT2	153527
ZMIZ1	57178
ZMPSTE24	10269
ZMYM2	7750
ZMYND10	51364
ZMYND11	10771
ZMYND15	84225
ZNF142	7701
ZNF148	7707
ZNF292	23036
ZNF335	63925
ZNF341	84905
ZNF408	79797
ZNF423	23090
ZNF462	58499
ZNF469	84627
ZNF521	25925
ZNF536	9745
ZNF644	84146
ZNF668	79759
ZNF699	374879
ZNF711	7552
ZNF800	168850
ZP1	22917
ZP2	7783
ZRANB2	9406
ZZZ3	26009
AFG2A	166378
AFG2B	79029
BLTP1	84162
GBA1	2629
HYCC1	84668
LYSET	26175
NHERF1	9368
SKIC2	6499
SKIC3	9652
